"","Sequence","Leading.razor.protein","Unique..Groups.","WT_NT.1.1","WT_NT.2.1","WT_NT.3.1","WT_NT.4.1","WT_NT.5.1","COUNT.WT_NT","WT_EGCG.1.1","WT_EGCG.2.1","WT_EGCG.3.1","WT_EGCG.4.1","WT_EGCG.5.1","COUNT.WT_EGCG","TG_NT.1.1","TG_NT.3.1","TG_NT.4.1","TG_NT.5.1","COUNT_TG_NT","TG_EGCG.1.1","TG_EGCG.2.1","TG_EGCG.3.1","TG_EGCG.4.1","TG_EGCG.5.1","COUNT_TG_EGCG"
"Q6P9R4","IIQNTEAGTEDYK","Q6P9R4","yes",3496000,3050300,2438200,3177300,3582600,5,NA,NA,NA,NA,3730800,1,NA,4962900,NA,3139000,2,NA,NA,3512700,NA,2738300,2
"Q3UFS0","EHEQTDPYVQQIAVAILDSLEK","Q3UFS0","yes",NA,6165000,5163900,5776700,6271200,4,NA,NA,NA,NA,NA,0,NA,5643500,NA,NA,1,NA,NA,3019000,4513600,NA,2
"Q9DCJ9","ESQELAQHAAEIGADGIAVIAPFFFK","Q9DCJ9","yes",4039700,4905800,NA,3860200,4461700,4,NA,NA,4518800,NA,NA,1,3408600,3981200,5109600,NA,3,4305100,NA,2690900,3276600,NA,3
"Q9DC28","GAPVNVSSSDLTGR","Q9DC28","yes",10973000,NA,17798000,7902900,20698000,4,NA,NA,6858700,NA,NA,1,NA,14896000,NA,NA,1,NA,NA,8516200,7978000,NA,2
"Q3THW5","GDEELDSLIK","Q3THW5","yes",5255100,NA,18560000,2571900,3887000,4,NA,NA,NA,NA,NA,0,3004000,11682000,NA,NA,2,10036000,NA,NA,NA,NA,1
"Q8C863","LLQFVTGTCR","Q8C863","yes",7821300,NA,4154000,5118300,11330000,4,NA,NA,NA,NA,4395500,1,NA,3721000,6515700,NA,2,NA,NA,NA,5729500,NA,1
"Q61334","NDNAEEHLLEAENK","Q61334","yes",3404100,NA,4931500,3616300,5925700,4,NA,NA,3420600,NA,NA,1,NA,4991400,NA,3302700,2,NA,NA,NA,2929300,NA,1
"Q8R3W5","SDSEPTPGCSGPGPAPVR","Q8R3W5","yes",7040700,3398400,9075000,NA,6318400,4,NA,NA,2761900,NA,NA,1,NA,NA,1602700,NA,1,3669000,NA,1771000,NA,NA,2
"Q9R0L6","TPESTNVPSDQEPTSK","Q9R0L6","yes",NA,1426700,2505600,1134400,2107200,4,NA,NA,NA,NA,NA,0,2018600,1531600,1688700,NA,3,2861000,1177100,NA,1384400,NA,3
"Q8C1Y8","TPSVSLTSVHPDLMK","Q8C1Y8","yes",NA,5287900,8068200,5053500,7927600,4,NA,NA,4116700,NA,NA,1,NA,8671400,5579300,NA,2,NA,7561900,NA,4549000,NA,2
"Q8CHK3","TYLDWLEQPFPEAVPSLRPLLR","Q8CHK3","yes",9860900,7127200,26847000,NA,21518000,4,NA,NA,11982000,NA,NA,1,NA,12041000,NA,5959800,2,6778800,NA,NA,NA,6406800,2
"Q69ZA1","VETDAAQAAVQSAFAVLLTQLIK","Q69ZA1","yes",NA,1438700,2305500,791350,1749400,4,NA,NA,1383400,NA,NA,1,NA,1372900,NA,NA,1,NA,NA,797360,NA,NA,1
"O35683","VQYQWYLMER","O35683","yes",21431000,NA,28243000,23341000,25461000,4,NA,NA,39595000,NA,NA,1,NA,23117000,NA,NA,1,30941000,12452000,NA,18419000,23699000,4
"Q6PAJ1","ASAPRPPPAPADGADPAPVEESEARPDGEGSPSK","Q6PAJ1","yes",7490200,7093900,NA,12066000,NA,3,NA,NA,7203900,NA,NA,1,3976900,NA,NA,NA,1,NA,NA,5841600,NA,5492000,2
"Q9CQ02","CYEEKQSPLQEHLR","Q9CQ02","yes",NA,NA,5993200,6471800,8563900,3,NA,NA,3406500,NA,NA,1,NA,NA,4278400,3704800,2,4839300,3332000,NA,4951300,4101200,4
"Q9D2C2","DISCEFLSNIFQVLTK","Q9D2C2","yes",2247600,NA,3869700,1789900,NA,3,NA,NA,NA,NA,665110,1,NA,2908600,NA,NA,1,NA,NA,2085800,1448400,968980,3
"Q8BKI2","DTESSSENTTDNNSASNPGSEK","Q8BKI2","yes",NA,221480,273510,NA,212890,3,NA,NA,NA,NA,138950,1,NA,NA,115950,133260,2,125360,NA,NA,177790,NA,2
"Q9CZG3","EELQSLISSLEAANK","Q9CZG3","yes",6553300,5841200,NA,4743000,NA,3,NA,NA,5362300,NA,NA,1,NA,5319200,3349900,2620700,3,NA,3716900,4057400,3975100,3843100,4
"Q9ERN0","ERELQNTAANLHVR","Q9ERN0","yes",7276600,NA,9521200,NA,11960000,3,3531800,NA,NA,NA,NA,1,3335600,7874500,NA,NA,2,4550500,NA,NA,NA,2059200,2
"Q91XI1","FAGAHLGPEGQNLVQEEVVAR","Q91XI1","yes",NA,13328000,18597000,NA,23740000,3,12580000,NA,NA,NA,NA,1,10327000,NA,NA,NA,1,13518000,8744500,NA,NA,9914700,3
"Q9JKB3","GAEAANVTGPDGVPVEGSR","Q9JKB3","yes",6226100,NA,4633100,NA,7993300,3,NA,NA,NA,NA,4372500,1,NA,NA,NA,NA,0,NA,NA,7153100,4611000,NA,2
"Q04519","GLGPAGPFEMVYWTGDIPAHDVWQQSR","Q04519","yes",NA,NA,10402000,4076800,9206800,3,NA,NA,NA,NA,NA,0,NA,NA,NA,NA,0,NA,NA,NA,NA,NA,0
"Q9D2N9","IISAAFEER","Q9D2N9","yes",9896300,NA,8193000,NA,7518500,3,NA,NA,NA,2278400,NA,1,2276800,4020700,NA,1484500,3,NA,2004100,4993400,NA,NA,2
"Q60841","ITGGQVGTGCGTLNDGR","Q60841","yes",3520900,NA,4323800,5176500,NA,3,NA,NA,NA,NA,4484400,1,NA,NA,NA,2011900,1,NA,NA,3045400,4224200,NA,2
"Q9QX47","LPEQPVEAPSEIADSSMTRPQESLELPK","Q9QX47","yes",10019000,9113600,NA,3601900,NA,3,7035100,NA,NA,NA,NA,1,NA,NA,NA,1525000,1,76293000,39698000,78970000,NA,NA,3
"Q9JHR9","LQGESPLLQALIR","Q9JHR9","yes",NA,NA,5998200,2468200,3914600,3,NA,NA,NA,NA,NA,0,NA,NA,NA,NA,0,NA,NA,NA,NA,NA,0
"Q99LC8","MASAVAAIQTLLEFLK","Q99LC8","yes",NA,NA,4257500,1483000,5296300,3,NA,NA,1983000,NA,NA,1,NA,3022100,NA,NA,1,NA,NA,1563600,NA,NA,1
"Q8CFA2","MPFVPTNYYTLK","Q8CFA2","yes",NA,10098000,7777900,NA,6178100,3,NA,94004,NA,NA,NA,1,NA,NA,NA,84221,1,NA,5593800,NA,6103800,NA,2
"Q9CX60","SVYFPIHCSDYLR","Q9CX60","yes",3519600,2889900,NA,4670100,NA,3,NA,NA,NA,3900600,NA,1,NA,NA,4244000,4101700,2,NA,NA,NA,NA,NA,0
"Q61464","TMETVSSSSSAK","Q61464","yes",NA,86728,189470,NA,136900,3,NA,NA,1471800,NA,NA,1,148670,175480,NA,118490,3,124080,NA,NA,NA,NA,1
"Q8VHJ5","VPAASPSAHSISASTPDR","Q8VHJ5","yes",9018500,7964000,13515000,NA,NA,3,4553300,NA,NA,NA,NA,1,NA,11850000,NA,5955100,2,5902800,NA,NA,NA,NA,1
"Q0VGY8","VPGDPVMIPFGEGSKPSEPSATEAK","Q0VGY8","yes",NA,14833000,21769000,NA,33113000,3,47754000,NA,NA,NA,NA,1,10402000,NA,6708300,NA,2,NA,NA,NA,12938000,NA,1
